blind_id,annotation_quality,uncertain_boundary,notes
blind_0000,,,
blind_0001,,,
blind_0002,,,
blind_0003,,,
blind_0004,,,
blind_0005,,,
blind_0006,,,
blind_0007,,,
blind_0008,,,
blind_0009,,,
blind_0010,,,
blind_0011,,,
blind_0012,,,
blind_0013,,,
blind_0014,,,
blind_0015,,,
blind_0016,,,
blind_0017,,,
blind_0018,,,
blind_0019,,,
blind_0020,,,
blind_0021,,,
blind_0022,,,
blind_0023,,,
blind_0024,,,
blind_0025,,,
blind_0026,,,
blind_0027,,,
blind_0028,,,
blind_0029,,,
blind_0030,,,
blind_0031,,,
blind_0032,,,
blind_0033,,,
blind_0034,,,
blind_0035,,,
blind_0036,,,
blind_0037,,,
blind_0038,,,
blind_0039,,,
blind_0040,,,
blind_0041,,,
blind_0042,,,
blind_0043,,,
blind_0044,,,
blind_0045,,,
blind_0046,,,
blind_0047,,,
blind_0048,,,
blind_0049,,,
blind_0050,,,
blind_0051,,,
blind_0052,,,
blind_0053,,,
blind_0054,,,
blind_0055,,,
blind_0056,,,
blind_0057,,,
blind_0058,,,
blind_0059,,,
blind_0060,,,
blind_0061,,,
blind_0062,,,
blind_0063,,,
blind_0064,,,
blind_0065,,,
blind_0066,,,
blind_0067,,,
blind_0068,,,
blind_0069,,,
blind_0070,,,
blind_0071,,,
blind_0072,,,
blind_0073,,,
blind_0074,,,
blind_0075,,,
blind_0076,,,
blind_0077,,,
blind_0078,,,
blind_0079,,,
