patient_id,frame_index,image_path,mask_path,labeled,timestamp
us_imu_20260909_153452,42,images/us_imu_20260909_153452_00042.png,masks/us_imu_20260909_153452_00042.png,0,4.2
us_imu_20260909_153452,116,images/us_imu_20260909_153452_00116.png,masks/us_imu_20260909_153452_00116.png,0,11.6
us_imu_20260909_153452,147,images/us_imu_20260909_153452_00147.png,masks/us_imu_20260909_153452_00147.png,0,14.7
us_imu_20260909_153452,232,images/us_imu_20260909_153452_00232.png,masks/us_imu_20260909_153452_00232.png,0,23.2
us_imu_20260909_153452,281,images/us_imu_20260909_153452_00281.png,masks/us_imu_20260909_153452_00281.png,0,28.1
us_imu_20260909_153452,380,images/us_imu_20260909_153452_00380.png,masks/us_imu_20260909_153452_00380.png,0,38.0
us_imu_20260909_153452,448,images/us_imu_20260909_153452_00448.png,masks/us_imu_20260909_153452_00448.png,0,44.8
us_imu_20260909_153452,502,images/us_imu_20260909_153452_00502.png,masks/us_imu_20260909_153452_00502.png,0,50.2
us_imu_20260909_153452,584,images/us_imu_20260909_153452_00584.png,masks/us_imu_20260909_153452_00584.png,0,58.4
us_imu_20260909_153452,684,images/us_imu_20260909_153452_00684.png,masks/us_imu_20260909_153452_00684.png,0,68.6
us_imu_20260909_153452,733,images/us_imu_20260909_153452_00733.png,masks/us_imu_20260909_153452_00733.png,0,73.4
us_imu_20260909_153452,818,images/us_imu_20260909_153452_00818.png,masks/us_imu_20260909_153452_00818.png,0,82.0
us_imu_20260909_153452,875,images/us_imu_20260909_153452_00875.png,masks/us_imu_20260909_153452_00875.png,0,88.1
us_imu_20260909_153452,916,images/us_imu_20260909_153452_00916.png,masks/us_imu_20260909_153452_00916.png,0,93.5
us_imu_20260909_153452,957,images/us_imu_20260909_153452_00957.png,masks/us_imu_20260909_153452_00957.png,0,98.6
us_imu_20260909_160656,33,images/us_imu_20260909_160656_00033.png,masks/us_imu_20260909_160656_00033.png,0,3.3
us_imu_20260909_160656,109,images/us_imu_20260909_160656_00109.png,masks/us_imu_20260909_160656_00109.png,0,10.9
us_imu_20260909_160656,230,images/us_imu_20260909_160656_00230.png,masks/us_imu_20260909_160656_00230.png,0,23.0
us_imu_20260909_160656,313,images/us_imu_20260909_160656_00313.png,masks/us_imu_20260909_160656_00313.png,0,31.3
us_imu_20260909_160656,367,images/us_imu_20260909_160656_00367.png,masks/us_imu_20260909_160656_00367.png,0,36.7
us_imu_20260909_160656,449,images/us_imu_20260909_160656_00449.png,masks/us_imu_20260909_160656_00449.png,0,44.9
us_imu_20260909_160656,492,images/us_imu_20260909_160656_00492.png,masks/us_imu_20260909_160656_00492.png,0,49.2
us_imu_20260909_160656,567,images/us_imu_20260909_160656_00567.png,masks/us_imu_20260909_160656_00567.png,0,56.7
us_imu_20260909_160656,651,images/us_imu_20260909_160656_00651.png,masks/us_imu_20260909_160656_00651.png,0,65.1
us_imu_20260909_160656,700,images/us_imu_20260909_160656_00700.png,masks/us_imu_20260909_160656_00700.png,0,70.0
us_imu_20260909_160656,761,images/us_imu_20260909_160656_00761.png,masks/us_imu_20260909_160656_00761.png,0,76.1
us_imu_20260909_160656,820,images/us_imu_20260909_160656_00820.png,masks/us_imu_20260909_160656_00820.png,0,82.0
us_imu_20260909_160656,891,images/us_imu_20260909_160656_00891.png,masks/us_imu_20260909_160656_00891.png,0,89.1
us_imu_20260909_160656,978,images/us_imu_20260909_160656_00978.png,masks/us_imu_20260909_160656_00978.png,0,97.8
us_imu_20260909_160858,10,images/us_imu_20260909_160858_00010.png,masks/us_imu_20260909_160858_00010.png,0,1.0
us_imu_20260909_160858,80,images/us_imu_20260909_160858_00080.png,masks/us_imu_20260909_160858_00080.png,0,8.0
us_imu_20260909_160858,158,images/us_imu_20260909_160858_00158.png,masks/us_imu_20260909_160858_00158.png,0,15.8
us_imu_20260909_160858,250,images/us_imu_20260909_160858_00250.png,masks/us_imu_20260909_160858_00250.png,0,25.0
us_imu_20260909_160858,311,images/us_imu_20260909_160858_00311.png,masks/us_imu_20260909_160858_00311.png,0,31.1
us_imu_20260909_160858,385,images/us_imu_20260909_160858_00385.png,masks/us_imu_20260909_160858_00385.png,0,39.2
us_imu_20260909_160858,447,images/us_imu_20260909_160858_00447.png,masks/us_imu_20260909_160858_00447.png,0,47.6
us_imu_20260909_160858,546,images/us_imu_20260909_160858_00546.png,masks/us_imu_20260909_160858_00546.png,0,60.0
us_imu_20260909_160858,616,images/us_imu_20260909_160858_00616.png,masks/us_imu_20260909_160858_00616.png,0,67.0
us_imu_20260909_160858,661,images/us_imu_20260909_160858_00661.png,masks/us_imu_20260909_160858_00661.png,0,71.5
us_imu_20260909_160858,748,images/us_imu_20260909_160858_00748.png,masks/us_imu_20260909_160858_00748.png,0,80.2
us_imu_20260909_160858,824,images/us_imu_20260909_160858_00824.png,masks/us_imu_20260909_160858_00824.png,0,87.8
us_imu_20260909_160858,893,images/us_imu_20260909_160858_00893.png,masks/us_imu_20260909_160858_00893.png,0,94.7
us_imu_20260909_160858,975,images/us_imu_20260909_160858_00975.png,masks/us_imu_20260909_160858_00975.png,0,102.9
us_imu_20260909_161109,62,images/us_imu_20260909_161109_00062.png,masks/us_imu_20260909_161109_00062.png,0,6.2
us_imu_20260909_161109,117,images/us_imu_20260909_161109_00117.png,masks/us_imu_20260909_161109_00117.png,0,11.7
us_imu_20260909_161109,158,images/us_imu_20260909_161109_00158.png,masks/us_imu_20260909_161109_00158.png,0,15.8
us_imu_20260909_161109,225,images/us_imu_20260909_161109_00225.png,masks/us_imu_20260909_161109_00225.png,0,22.5
us_imu_20260909_161109,279,images/us_imu_20260909_161109_00279.png,masks/us_imu_20260909_161109_00279.png,0,27.9
us_imu_20260909_161109,337,images/us_imu_20260909_161109_00337.png,masks/us_imu_20260909_161109_00337.png,0,33.7
us_imu_20260909_161109,466,images/us_imu_20260909_161109_00466.png,masks/us_imu_20260909_161109_00466.png,0,46.6
us_imu_20260909_161109,584,images/us_imu_20260909_161109_00584.png,masks/us_imu_20260909_161109_00584.png,0,58.4
us_imu_20260909_161109,645,images/us_imu_20260909_161109_00645.png,masks/us_imu_20260909_161109_00645.png,0,64.5
us_imu_20260909_161109,696,images/us_imu_20260909_161109_00696.png,masks/us_imu_20260909_161109_00696.png,0,69.6
us_imu_20260909_161109,783,images/us_imu_20260909_161109_00783.png,masks/us_imu_20260909_161109_00783.png,0,78.3
us_imu_20260909_161109,841,images/us_imu_20260909_161109_00841.png,masks/us_imu_20260909_161109_00841.png,0,84.1
us_imu_20260909_161109,904,images/us_imu_20260909_161109_00904.png,masks/us_imu_20260909_161109_00904.png,0,90.4
us_imu_20260909_161109,978,images/us_imu_20260909_161109_00978.png,masks/us_imu_20260909_161109_00978.png,0,97.9
us_imu_20260909_161317,33,images/us_imu_20260909_161317_00033.png,masks/us_imu_20260909_161317_00033.png,0,3.3
us_imu_20260909_161317,114,images/us_imu_20260909_161317_00114.png,masks/us_imu_20260909_161317_00114.png,0,11.4
us_imu_20260909_161317,185,images/us_imu_20260909_161317_00185.png,masks/us_imu_20260909_161317_00185.png,0,18.6
us_imu_20260909_161317,239,images/us_imu_20260909_161317_00239.png,masks/us_imu_20260909_161317_00239.png,0,24.0
us_imu_20260909_161317,293,images/us_imu_20260909_161317_00293.png,masks/us_imu_20260909_161317_00293.png,0,29.4
us_imu_20260909_161317,368,images/us_imu_20260909_161317_00368.png,masks/us_imu_20260909_161317_00368.png,0,36.9
us_imu_20260909_161317,444,images/us_imu_20260909_161317_00444.png,masks/us_imu_20260909_161317_00444.png,0,44.5
us_imu_20260909_161317,496,images/us_imu_20260909_161317_00496.png,masks/us_imu_20260909_161317_00496.png,0,49.7
us_imu_20260909_161317,550,images/us_imu_20260909_161317_00550.png,masks/us_imu_20260909_161317_00550.png,0,55.1
us_imu_20260909_161317,605,images/us_imu_20260909_161317_00605.png,masks/us_imu_20260909_161317_00605.png,0,60.6
us_imu_20260909_161317,703,images/us_imu_20260909_161317_00703.png,masks/us_imu_20260909_161317_00703.png,0,70.4
us_imu_20260909_161317,743,images/us_imu_20260909_161317_00743.png,masks/us_imu_20260909_161317_00743.png,0,74.4
us_imu_20260909_161317,816,images/us_imu_20260909_161317_00816.png,masks/us_imu_20260909_161317_00816.png,0,81.7
us_imu_20260909_161317,889,images/us_imu_20260909_161317_00889.png,masks/us_imu_20260909_161317_00889.png,0,89.0
us_imu_20260909_161317,957,images/us_imu_20260909_161317_00957.png,masks/us_imu_20260909_161317_00957.png,0,96.0
us_imu_20260909_161540,33,images/us_imu_20260909_161540_00033.png,masks/us_imu_20260909_161540_00033.png,0,3.3
us_imu_20260909_161540,98,images/us_imu_20260909_161540_00098.png,masks/us_imu_20260909_161540_00098.png,0,9.8
us_imu_20260909_161540,154,images/us_imu_20260909_161540_00154.png,masks/us_imu_20260909_161540_00154.png,0,15.4
us_imu_20260909_161540,211,images/us_imu_20260909_161540_00211.png,masks/us_imu_20260909_161540_00211.png,0,21.1
us_imu_20260909_161540,315,images/us_imu_20260909_161540_00315.png,masks/us_imu_20260909_161540_00315.png,0,31.5
us_imu_20260909_161540,362,images/us_imu_20260909_161540_00362.png,masks/us_imu_20260909_161540_00362.png,0,36.2
us_imu_20260909_161540,440,images/us_imu_20260909_161540_00440.png,masks/us_imu_20260909_161540_00440.png,0,44.0
us_imu_20260909_161540,490,images/us_imu_20260909_161540_00490.png,masks/us_imu_20260909_161540_00490.png,0,49.0
us_imu_20260909_161540,586,images/us_imu_20260909_161540_00586.png,masks/us_imu_20260909_161540_00586.png,0,58.6
us_imu_20260909_161540,616,images/us_imu_20260909_161540_00616.png,masks/us_imu_20260909_161540_00616.png,0,61.6
us_imu_20260909_161540,686,images/us_imu_20260909_161540_00686.png,masks/us_imu_20260909_161540_00686.png,0,68.6
us_imu_20260909_161540,766,images/us_imu_20260909_161540_00766.png,masks/us_imu_20260909_161540_00766.png,0,76.6
us_imu_20260909_161540,848,images/us_imu_20260909_161540_00848.png,masks/us_imu_20260909_161540_00848.png,0,84.7
us_imu_20260909_161540,905,images/us_imu_20260909_161540_00905.png,masks/us_imu_20260909_161540_00905.png,0,90.5
us_imu_20260909_161540,986,images/us_imu_20260909_161540_00986.png,masks/us_imu_20260909_161540_00986.png,0,98.6
us_imu_20260909_163123,33,images/us_imu_20260909_163123_00033.png,masks/us_imu_20260909_163123_00033.png,0,3.3
us_imu_20260909_163123,125,images/us_imu_20260909_163123_00125.png,masks/us_imu_20260909_163123_00125.png,0,12.5
us_imu_20260909_163123,167,images/us_imu_20260909_163123_00167.png,masks/us_imu_20260909_163123_00167.png,0,16.7
us_imu_20260909_163123,252,images/us_imu_20260909_163123_00252.png,masks/us_imu_20260909_163123_00252.png,0,25.2
us_imu_20260909_163123,302,images/us_imu_20260909_163123_00302.png,masks/us_imu_20260909_163123_00302.png,0,30.2
us_imu_20260909_163123,358,images/us_imu_20260909_163123_00358.png,masks/us_imu_20260909_163123_00358.png,0,35.8
us_imu_20260909_163123,442,images/us_imu_20260909_163123_00442.png,masks/us_imu_20260909_163123_00442.png,0,44.2
us_imu_20260909_163123,499,images/us_imu_20260909_163123_00499.png,masks/us_imu_20260909_163123_00499.png,0,49.9
us_imu_20260909_163123,558,images/us_imu_20260909_163123_00558.png,masks/us_imu_20260909_163123_00558.png,0,55.8
us_imu_20260909_163123,632,images/us_imu_20260909_163123_00632.png,masks/us_imu_20260909_163123_00632.png,0,63.2
us_imu_20260909_163123,717,images/us_imu_20260909_163123_00717.png,masks/us_imu_20260909_163123_00717.png,0,71.7
us_imu_20260909_163123,782,images/us_imu_20260909_163123_00782.png,masks/us_imu_20260909_163123_00782.png,0,78.2
us_imu_20260909_163123,825,images/us_imu_20260909_163123_00825.png,masks/us_imu_20260909_163123_00825.png,0,82.5
us_imu_20260909_163123,889,images/us_imu_20260909_163123_00889.png,masks/us_imu_20260909_163123_00889.png,0,88.9
us_imu_20260909_163123,981,images/us_imu_20260909_163123_00981.png,masks/us_imu_20260909_163123_00981.png,0,98.1
us_imu_20260909_163323,62,images/us_imu_20260909_163323_00062.png,masks/us_imu_20260909_163323_00062.png,0,6.3
us_imu_20260909_163323,175,images/us_imu_20260909_163323_00175.png,masks/us_imu_20260909_163323_00175.png,0,17.6
us_imu_20260909_163323,225,images/us_imu_20260909_163323_00225.png,masks/us_imu_20260909_163323_00225.png,0,22.6
us_imu_20260909_163323,291,images/us_imu_20260909_163323_00291.png,masks/us_imu_20260909_163323_00291.png,0,29.2
us_imu_20260909_163323,357,images/us_imu_20260909_163323_00357.png,masks/us_imu_20260909_163323_00357.png,0,35.8
us_imu_20260909_163323,421,images/us_imu_20260909_163323_00421.png,masks/us_imu_20260909_163323_00421.png,0,42.2
us_imu_20260909_163323,483,images/us_imu_20260909_163323_00483.png,masks/us_imu_20260909_163323_00483.png,0,48.4
us_imu_20260909_163323,574,images/us_imu_20260909_163323_00574.png,masks/us_imu_20260909_163323_00574.png,0,57.4
us_imu_20260909_163323,650,images/us_imu_20260909_163323_00650.png,masks/us_imu_20260909_163323_00650.png,0,65.0
us_imu_20260909_163323,703,images/us_imu_20260909_163323_00703.png,masks/us_imu_20260909_163323_00703.png,0,70.4
us_imu_20260909_163323,751,images/us_imu_20260909_163323_00751.png,masks/us_imu_20260909_163323_00751.png,0,75.2
us_imu_20260909_163323,829,images/us_imu_20260909_163323_00829.png,masks/us_imu_20260909_163323_00829.png,0,83.0
us_imu_20260909_163323,886,images/us_imu_20260909_163323_00886.png,masks/us_imu_20260909_163323_00886.png,0,88.7
us_imu_20260909_163323,970,images/us_imu_20260909_163323_00970.png,masks/us_imu_20260909_163323_00970.png,0,97.0
us_imu_20260909_163511,51,images/us_imu_20260909_163511_00051.png,masks/us_imu_20260909_163511_00051.png,0,5.1
us_imu_20260909_163511,94,images/us_imu_20260909_163511_00094.png,masks/us_imu_20260909_163511_00094.png,0,9.4
us_imu_20260909_163511,182,images/us_imu_20260909_163511_00182.png,masks/us_imu_20260909_163511_00182.png,0,18.2
us_imu_20260909_163511,241,images/us_imu_20260909_163511_00241.png,masks/us_imu_20260909_163511_00241.png,0,24.1
us_imu_20260909_163511,294,images/us_imu_20260909_163511_00294.png,masks/us_imu_20260909_163511_00294.png,0,29.4
us_imu_20260909_163511,371,images/us_imu_20260909_163511_00371.png,masks/us_imu_20260909_163511_00371.png,0,37.1
us_imu_20260909_163511,453,images/us_imu_20260909_163511_00453.png,masks/us_imu_20260909_163511_00453.png,0,45.3
us_imu_20260909_163511,510,images/us_imu_20260909_163511_00510.png,masks/us_imu_20260909_163511_00510.png,0,51.0
us_imu_20260909_163511,574,images/us_imu_20260909_163511_00574.png,masks/us_imu_20260909_163511_00574.png,0,57.4
us_imu_20260909_163511,630,images/us_imu_20260909_163511_00630.png,masks/us_imu_20260909_163511_00630.png,0,63.0
us_imu_20260909_163511,705,images/us_imu_20260909_163511_00705.png,masks/us_imu_20260909_163511_00705.png,0,70.5
us_imu_20260909_163511,765,images/us_imu_20260909_163511_00765.png,masks/us_imu_20260909_163511_00765.png,0,76.5
us_imu_20260909_163511,841,images/us_imu_20260909_163511_00841.png,masks/us_imu_20260909_163511_00841.png,0,84.1
us_imu_20260909_163511,898,images/us_imu_20260909_163511_00898.png,masks/us_imu_20260909_163511_00898.png,0,89.8
us_imu_20260909_163511,962,images/us_imu_20260909_163511_00962.png,masks/us_imu_20260909_163511_00962.png,0,96.2
us_imu_20260909_164324,53,images/us_imu_20260909_164324_00053.png,masks/us_imu_20260909_164324_00053.png,0,5.3
us_imu_20260909_164324,170,images/us_imu_20260909_164324_00170.png,masks/us_imu_20260909_164324_00170.png,0,17.0
us_imu_20260909_164324,223,images/us_imu_20260909_164324_00223.png,masks/us_imu_20260909_164324_00223.png,0,22.3
us_imu_20260909_164324,293,images/us_imu_20260909_164324_00293.png,masks/us_imu_20260909_164324_00293.png,0,29.3
us_imu_20260909_164324,374,images/us_imu_20260909_164324_00374.png,masks/us_imu_20260909_164324_00374.png,0,37.4
us_imu_20260909_164324,445,images/us_imu_20260909_164324_00445.png,masks/us_imu_20260909_164324_00445.png,0,44.5
us_imu_20260909_164324,508,images/us_imu_20260909_164324_00508.png,masks/us_imu_20260909_164324_00508.png,0,50.8
us_imu_20260909_164324,555,images/us_imu_20260909_164324_00555.png,masks/us_imu_20260909_164324_00555.png,0,55.5
us_imu_20260909_164324,624,images/us_imu_20260909_164324_00624.png,masks/us_imu_20260909_164324_00624.png,0,62.4
us_imu_20260909_164324,692,images/us_imu_20260909_164324_00692.png,masks/us_imu_20260909_164324_00692.png,0,69.2
us_imu_20260909_164324,771,images/us_imu_20260909_164324_00771.png,masks/us_imu_20260909_164324_00771.png,0,77.1
us_imu_20260909_164324,822,images/us_imu_20260909_164324_00822.png,masks/us_imu_20260909_164324_00822.png,0,82.2
us_imu_20260909_164324,896,images/us_imu_20260909_164324_00896.png,masks/us_imu_20260909_164324_00896.png,0,89.6
us_imu_20260909_164324,961,images/us_imu_20260909_164324_00961.png,masks/us_imu_20260909_164324_00961.png,0,96.1
us_imu_20260909_164526,53,images/us_imu_20260909_164526_00053.png,masks/us_imu_20260909_164526_00053.png,0,5.3
us_imu_20260909_164526,106,images/us_imu_20260909_164526_00106.png,masks/us_imu_20260909_164526_00106.png,0,10.6
us_imu_20260909_164526,168,images/us_imu_20260909_164526_00168.png,masks/us_imu_20260909_164526_00168.png,0,16.8
us_imu_20260909_164526,235,images/us_imu_20260909_164526_00235.png,masks/us_imu_20260909_164526_00235.png,0,23.5
us_imu_20260909_164526,304,images/us_imu_20260909_164526_00304.png,masks/us_imu_20260909_164526_00304.png,0,30.4
us_imu_20260909_164526,358,images/us_imu_20260909_164526_00358.png,masks/us_imu_20260909_164526_00358.png,0,35.8
us_imu_20260909_164526,422,images/us_imu_20260909_164526_00422.png,masks/us_imu_20260909_164526_00422.png,0,42.2
us_imu_20260909_164526,506,images/us_imu_20260909_164526_00506.png,masks/us_imu_20260909_164526_00506.png,0,50.6
us_imu_20260909_164526,562,images/us_imu_20260909_164526_00562.png,masks/us_imu_20260909_164526_00562.png,0,56.2
us_imu_20260909_164526,617,images/us_imu_20260909_164526_00617.png,masks/us_imu_20260909_164526_00617.png,0,61.7
us_imu_20260909_164526,704,images/us_imu_20260909_164526_00704.png,masks/us_imu_20260909_164526_00704.png,0,70.4
us_imu_20260909_164526,760,images/us_imu_20260909_164526_00760.png,masks/us_imu_20260909_164526_00760.png,0,76.0
us_imu_20260909_164526,837,images/us_imu_20260909_164526_00837.png,masks/us_imu_20260909_164526_00837.png,0,83.7
us_imu_20260909_164526,905,images/us_imu_20260909_164526_00905.png,masks/us_imu_20260909_164526_00905.png,0,90.5
us_imu_20260909_164526,966,images/us_imu_20260909_164526_00966.png,masks/us_imu_20260909_164526_00966.png,0,96.6
us_imu_20260909_164740,63,images/us_imu_20260909_164740_00063.png,masks/us_imu_20260909_164740_00063.png,0,6.3
us_imu_20260909_164740,102,images/us_imu_20260909_164740_00102.png,masks/us_imu_20260909_164740_00102.png,0,10.2
us_imu_20260909_164740,172,images/us_imu_20260909_164740_00172.png,masks/us_imu_20260909_164740_00172.png,0,17.2
us_imu_20260909_164740,250,images/us_imu_20260909_164740_00250.png,masks/us_imu_20260909_164740_00250.png,0,25.0
us_imu_20260909_164740,289,images/us_imu_20260909_164740_00289.png,masks/us_imu_20260909_164740_00289.png,0,28.9
us_imu_20260909_164740,373,images/us_imu_20260909_164740_00373.png,masks/us_imu_20260909_164740_00373.png,0,37.3
us_imu_20260909_164740,434,images/us_imu_20260909_164740_00434.png,masks/us_imu_20260909_164740_00434.png,0,43.4
us_imu_20260909_164740,499,images/us_imu_20260909_164740_00499.png,masks/us_imu_20260909_164740_00499.png,0,49.9
us_imu_20260909_164740,563,images/us_imu_20260909_164740_00563.png,masks/us_imu_20260909_164740_00563.png,0,56.3
us_imu_20260909_164740,629,images/us_imu_20260909_164740_00629.png,masks/us_imu_20260909_164740_00629.png,0,62.9
us_imu_20260909_164740,700,images/us_imu_20260909_164740_00700.png,masks/us_imu_20260909_164740_00700.png,0,69.9
us_imu_20260909_164740,745,images/us_imu_20260909_164740_00745.png,masks/us_imu_20260909_164740_00745.png,0,74.5
us_imu_20260909_164740,811,images/us_imu_20260909_164740_00811.png,masks/us_imu_20260909_164740_00811.png,0,81.1
us_imu_20260909_164740,900,images/us_imu_20260909_164740_00900.png,masks/us_imu_20260909_164740_00900.png,0,90.0
us_imu_20260909_164740,966,images/us_imu_20260909_164740_00966.png,masks/us_imu_20260909_164740_00966.png,0,96.6
us_imu_20260909_164936,53,images/us_imu_20260909_164936_00053.png,masks/us_imu_20260909_164936_00053.png,0,5.2
us_imu_20260909_164936,88,images/us_imu_20260909_164936_00088.png,masks/us_imu_20260909_164936_00088.png,0,8.8
us_imu_20260909_164936,167,images/us_imu_20260909_164936_00167.png,masks/us_imu_20260909_164936_00167.png,0,16.7
us_imu_20260909_164936,255,images/us_imu_20260909_164936_00255.png,masks/us_imu_20260909_164936_00255.png,0,25.5
us_imu_20260909_164936,289,images/us_imu_20260909_164936_00289.png,masks/us_imu_20260909_164936_00289.png,0,28.9
us_imu_20260909_164936,386,images/us_imu_20260909_164936_00386.png,masks/us_imu_20260909_164936_00386.png,0,38.6
us_imu_20260909_164936,420,images/us_imu_20260909_164936_00420.png,masks/us_imu_20260909_164936_00420.png,0,42.0
us_imu_20260909_164936,503,images/us_imu_20260909_164936_00503.png,masks/us_imu_20260909_164936_00503.png,0,50.3
us_imu_20260909_164936,563,images/us_imu_20260909_164936_00563.png,masks/us_imu_20260909_164936_00563.png,0,56.3
us_imu_20260909_164936,633,images/us_imu_20260909_164936_00633.png,masks/us_imu_20260909_164936_00633.png,0,63.3
us_imu_20260909_164936,679,images/us_imu_20260909_164936_00679.png,masks/us_imu_20260909_164936_00679.png,0,67.9
us_imu_20260909_164936,744,images/us_imu_20260909_164936_00744.png,masks/us_imu_20260909_164936_00744.png,0,74.4
us_imu_20260909_164936,832,images/us_imu_20260909_164936_00832.png,masks/us_imu_20260909_164936_00832.png,0,83.2
us_imu_20260909_164936,883,images/us_imu_20260909_164936_00883.png,masks/us_imu_20260909_164936_00883.png,0,88.3
us_imu_20260909_164936,964,images/us_imu_20260909_164936_00964.png,masks/us_imu_20260909_164936_00964.png,0,96.4
us_imu_20260909_165248,65,images/us_imu_20260909_165248_00065.png,masks/us_imu_20260909_165248_00065.png,0,6.5
us_imu_20260909_165248,151,images/us_imu_20260909_165248_00151.png,masks/us_imu_20260909_165248_00151.png,0,15.1
us_imu_20260909_165248,218,images/us_imu_20260909_165248_00218.png,masks/us_imu_20260909_165248_00218.png,0,21.8
us_imu_20260909_165248,288,images/us_imu_20260909_165248_00288.png,masks/us_imu_20260909_165248_00288.png,0,28.8
us_imu_20260909_165248,387,images/us_imu_20260909_165248_00387.png,masks/us_imu_20260909_165248_00387.png,0,38.7
us_imu_20260909_165248,448,images/us_imu_20260909_165248_00448.png,masks/us_imu_20260909_165248_00448.png,0,44.8
us_imu_20260909_165248,510,images/us_imu_20260909_165248_00510.png,masks/us_imu_20260909_165248_00510.png,0,51.0
us_imu_20260909_165248,568,images/us_imu_20260909_165248_00568.png,masks/us_imu_20260909_165248_00568.png,0,56.8
us_imu_20260909_165248,639,images/us_imu_20260909_165248_00639.png,masks/us_imu_20260909_165248_00639.png,0,63.9
us_imu_20260909_165248,718,images/us_imu_20260909_165248_00718.png,masks/us_imu_20260909_165248_00718.png,0,71.8
us_imu_20260909_165248,758,images/us_imu_20260909_165248_00758.png,masks/us_imu_20260909_165248_00758.png,0,75.8
us_imu_20260909_165248,824,images/us_imu_20260909_165248_00824.png,masks/us_imu_20260909_165248_00824.png,0,82.4
us_imu_20260909_165248,889,images/us_imu_20260909_165248_00889.png,masks/us_imu_20260909_165248_00889.png,0,88.9
us_imu_20260909_165248,982,images/us_imu_20260909_165248_00982.png,masks/us_imu_20260909_165248_00982.png,0,98.2
us_imu_20260909_165434,50,images/us_imu_20260909_165434_00050.png,masks/us_imu_20260909_165434_00050.png,0,5.0
us_imu_20260909_165434,120,images/us_imu_20260909_165434_00120.png,masks/us_imu_20260909_165434_00120.png,0,12.0
us_imu_20260909_165434,163,images/us_imu_20260909_165434_00163.png,masks/us_imu_20260909_165434_00163.png,0,16.3
us_imu_20260909_165434,244,images/us_imu_20260909_165434_00244.png,masks/us_imu_20260909_165434_00244.png,0,24.4
us_imu_20260909_165434,311,images/us_imu_20260909_165434_00311.png,masks/us_imu_20260909_165434_00311.png,0,31.1
us_imu_20260909_165434,383,images/us_imu_20260909_165434_00383.png,masks/us_imu_20260909_165434_00383.png,0,38.3
us_imu_20260909_165434,446,images/us_imu_20260909_165434_00446.png,masks/us_imu_20260909_165434_00446.png,0,44.6
us_imu_20260909_165434,548,images/us_imu_20260909_165434_00548.png,masks/us_imu_20260909_165434_00548.png,0,54.8
us_imu_20260909_165434,596,images/us_imu_20260909_165434_00596.png,masks/us_imu_20260909_165434_00596.png,0,59.6
us_imu_20260909_165434,664,images/us_imu_20260909_165434_00664.png,masks/us_imu_20260909_165434_00664.png,0,66.4
us_imu_20260909_165434,720,images/us_imu_20260909_165434_00720.png,masks/us_imu_20260909_165434_00720.png,0,72.0
us_imu_20260909_165434,788,images/us_imu_20260909_165434_00788.png,masks/us_imu_20260909_165434_00788.png,0,78.8
us_imu_20260909_165434,830,images/us_imu_20260909_165434_00830.png,masks/us_imu_20260909_165434_00830.png,0,83.8
us_imu_20260909_165434,919,images/us_imu_20260909_165434_00919.png,masks/us_imu_20260909_165434_00919.png,0,95.5
us_imu_20260909_165434,985,images/us_imu_20260909_165434_00985.png,masks/us_imu_20260909_165434_00985.png,0,102.1
us_imu_20260909_181041,33,images/us_imu_20260909_181041_00033.png,masks/us_imu_20260909_181041_00033.png,0,3.3
us_imu_20260909_181041,131,images/us_imu_20260909_181041_00131.png,masks/us_imu_20260909_181041_00131.png,0,13.1
us_imu_20260909_181041,200,images/us_imu_20260909_181041_00200.png,masks/us_imu_20260909_181041_00200.png,0,20.0
us_imu_20260909_181041,281,images/us_imu_20260909_181041_00281.png,masks/us_imu_20260909_181041_00281.png,0,28.1
us_imu_20260909_181041,391,images/us_imu_20260909_181041_00391.png,masks/us_imu_20260909_181041_00391.png,0,39.1
us_imu_20260909_181041,519,images/us_imu_20260909_181041_00519.png,masks/us_imu_20260909_181041_00519.png,0,51.9
us_imu_20260909_181041,578,images/us_imu_20260909_181041_00578.png,masks/us_imu_20260909_181041_00578.png,0,57.8
us_imu_20260909_181041,635,images/us_imu_20260909_181041_00635.png,masks/us_imu_20260909_181041_00635.png,0,63.5
us_imu_20260909_181041,719,images/us_imu_20260909_181041_00719.png,masks/us_imu_20260909_181041_00719.png,0,71.9
us_imu_20260909_181041,799,images/us_imu_20260909_181041_00799.png,masks/us_imu_20260909_181041_00799.png,0,79.9
us_imu_20260909_181041,845,images/us_imu_20260909_181041_00845.png,masks/us_imu_20260909_181041_00845.png,0,84.5
us_imu_20260909_181041,924,images/us_imu_20260909_181041_00924.png,masks/us_imu_20260909_181041_00924.png,0,92.4
us_imu_20260909_181041,994,images/us_imu_20260909_181041_00994.png,masks/us_imu_20260909_181041_00994.png,0,99.4
us_imu_20260909_181310,46,images/us_imu_20260909_181310_00046.png,masks/us_imu_20260909_181310_00046.png,0,4.6
us_imu_20260909_181310,83,images/us_imu_20260909_181310_00083.png,masks/us_imu_20260909_181310_00083.png,0,8.3
us_imu_20260909_181310,180,images/us_imu_20260909_181310_00180.png,masks/us_imu_20260909_181310_00180.png,0,18.0
us_imu_20260909_181310,234,images/us_imu_20260909_181310_00234.png,masks/us_imu_20260909_181310_00234.png,0,23.4
us_imu_20260909_181310,321,images/us_imu_20260909_181310_00321.png,masks/us_imu_20260909_181310_00321.png,0,32.1
us_imu_20260909_181310,389,images/us_imu_20260909_181310_00389.png,masks/us_imu_20260909_181310_00389.png,0,38.9
us_imu_20260909_181310,434,images/us_imu_20260909_181310_00434.png,masks/us_imu_20260909_181310_00434.png,0,43.4
us_imu_20260909_181310,501,images/us_imu_20260909_181310_00501.png,masks/us_imu_20260909_181310_00501.png,0,50.1
us_imu_20260909_181310,577,images/us_imu_20260909_181310_00577.png,masks/us_imu_20260909_181310_00577.png,0,57.7
us_imu_20260909_181310,623,images/us_imu_20260909_181310_00623.png,masks/us_imu_20260909_181310_00623.png,0,62.3
us_imu_20260909_181310,679,images/us_imu_20260909_181310_00679.png,masks/us_imu_20260909_181310_00679.png,0,67.9
us_imu_20260909_181310,796,images/us_imu_20260909_181310_00796.png,masks/us_imu_20260909_181310_00796.png,0,79.6
us_imu_20260909_181310,879,images/us_imu_20260909_181310_00879.png,masks/us_imu_20260909_181310_00879.png,0,87.9
us_imu_20260909_181310,960,images/us_imu_20260909_181310_00960.png,masks/us_imu_20260909_181310_00960.png,0,96.0
us_imu_20260909_181532,20,images/us_imu_20260909_181532_00020.png,masks/us_imu_20260909_181532_00020.png,0,2.0
us_imu_20260909_181532,114,images/us_imu_20260909_181532_00114.png,masks/us_imu_20260909_181532_00114.png,0,11.4
us_imu_20260909_181532,155,images/us_imu_20260909_181532_00155.png,masks/us_imu_20260909_181532_00155.png,0,15.5
us_imu_20260909_181532,235,images/us_imu_20260909_181532_00235.png,masks/us_imu_20260909_181532_00235.png,0,23.5
us_imu_20260909_181532,298,images/us_imu_20260909_181532_00298.png,masks/us_imu_20260909_181532_00298.png,0,29.8
us_imu_20260909_181532,346,images/us_imu_20260909_181532_00346.png,masks/us_imu_20260909_181532_00346.png,0,34.6
us_imu_20260909_181532,446,images/us_imu_20260909_181532_00446.png,masks/us_imu_20260909_181532_00446.png,0,44.6
us_imu_20260909_181532,496,images/us_imu_20260909_181532_00496.png,masks/us_imu_20260909_181532_00496.png,0,49.6
us_imu_20260909_181532,585,images/us_imu_20260909_181532_00585.png,masks/us_imu_20260909_181532_00585.png,0,58.5
us_imu_20260909_181532,647,images/us_imu_20260909_181532_00647.png,masks/us_imu_20260909_181532_00647.png,0,64.7
us_imu_20260909_181532,732,images/us_imu_20260909_181532_00732.png,masks/us_imu_20260909_181532_00732.png,0,73.2
us_imu_20260909_181532,792,images/us_imu_20260909_181532_00792.png,masks/us_imu_20260909_181532_00792.png,0,79.2
us_imu_20260909_181532,924,images/us_imu_20260909_181532_00924.png,masks/us_imu_20260909_181532_00924.png,0,92.4
us_imu_20260909_181722,57,images/us_imu_20260909_181722_00057.png,masks/us_imu_20260909_181722_00057.png,0,5.7
us_imu_20260909_181722,101,images/us_imu_20260909_181722_00101.png,masks/us_imu_20260909_181722_00101.png,0,10.1
us_imu_20260909_181722,150,images/us_imu_20260909_181722_00150.png,masks/us_imu_20260909_181722_00150.png,0,15.0
us_imu_20260909_181722,220,images/us_imu_20260909_181722_00220.png,masks/us_imu_20260909_181722_00220.png,0,22.0
us_imu_20260909_181722,290,images/us_imu_20260909_181722_00290.png,masks/us_imu_20260909_181722_00290.png,0,29.0
us_imu_20260909_181722,383,images/us_imu_20260909_181722_00383.png,masks/us_imu_20260909_181722_00383.png,0,38.3
us_imu_20260909_181722,441,images/us_imu_20260909_181722_00441.png,masks/us_imu_20260909_181722_00441.png,0,44.1
us_imu_20260909_181722,526,images/us_imu_20260909_181722_00526.png,masks/us_imu_20260909_181722_00526.png,0,52.6
us_imu_20260909_181722,577,images/us_imu_20260909_181722_00577.png,masks/us_imu_20260909_181722_00577.png,0,57.7
us_imu_20260909_181722,645,images/us_imu_20260909_181722_00645.png,masks/us_imu_20260909_181722_00645.png,0,64.5
us_imu_20260909_181722,715,images/us_imu_20260909_181722_00715.png,masks/us_imu_20260909_181722_00715.png,0,71.5
us_imu_20260909_181722,788,images/us_imu_20260909_181722_00788.png,masks/us_imu_20260909_181722_00788.png,0,78.8
us_imu_20260909_181722,831,images/us_imu_20260909_181722_00831.png,masks/us_imu_20260909_181722_00831.png,0,83.1
us_imu_20260909_181722,890,images/us_imu_20260909_181722_00890.png,masks/us_imu_20260909_181722_00890.png,0,89.0
us_imu_20260909_181722,980,images/us_imu_20260909_181722_00980.png,masks/us_imu_20260909_181722_00980.png,0,98.0
us_imu_20260909_182055,4,images/us_imu_20260909_182055_00004.png,masks/us_imu_20260909_182055_00004.png,0,0.4
us_imu_20260909_182055,119,images/us_imu_20260909_182055_00119.png,masks/us_imu_20260909_182055_00119.png,0,11.9
us_imu_20260909_182055,187,images/us_imu_20260909_182055_00187.png,masks/us_imu_20260909_182055_00187.png,0,18.7
us_imu_20260909_182055,219,images/us_imu_20260909_182055_00219.png,masks/us_imu_20260909_182055_00219.png,0,21.9
us_imu_20260909_182055,299,images/us_imu_20260909_182055_00299.png,masks/us_imu_20260909_182055_00299.png,0,29.9
us_imu_20260909_182055,360,images/us_imu_20260909_182055_00360.png,masks/us_imu_20260909_182055_00360.png,0,36.0
us_imu_20260909_182055,454,images/us_imu_20260909_182055_00454.png,masks/us_imu_20260909_182055_00454.png,0,45.4
us_imu_20260909_182055,507,images/us_imu_20260909_182055_00507.png,masks/us_imu_20260909_182055_00507.png,0,51.0
us_imu_20260909_182055,550,images/us_imu_20260909_182055_00550.png,masks/us_imu_20260909_182055_00550.png,0,55.2
us_imu_20260909_182055,620,images/us_imu_20260909_182055_00620.png,masks/us_imu_20260909_182055_00620.png,0,62.2
us_imu_20260909_182055,687,images/us_imu_20260909_182055_00687.png,masks/us_imu_20260909_182055_00687.png,0,68.9
us_imu_20260909_182055,752,images/us_imu_20260909_182055_00752.png,masks/us_imu_20260909_182055_00752.png,0,75.4
us_imu_20260909_182055,855,images/us_imu_20260909_182055_00855.png,masks/us_imu_20260909_182055_00855.png,0,85.7
us_imu_20260909_182055,894,images/us_imu_20260909_182055_00894.png,masks/us_imu_20260909_182055_00894.png,0,89.6
us_imu_20260909_182055,969,images/us_imu_20260909_182055_00969.png,masks/us_imu_20260909_182055_00969.png,0,97.1
us_imu_20260909_182305,15,images/us_imu_20260909_182305_00015.png,masks/us_imu_20260909_182305_00015.png,0,1.5
us_imu_20260909_182305,67,images/us_imu_20260909_182305_00067.png,masks/us_imu_20260909_182305_00067.png,0,6.7
us_imu_20260909_182305,123,images/us_imu_20260909_182305_00123.png,masks/us_imu_20260909_182305_00123.png,0,12.3
us_imu_20260909_182305,162,images/us_imu_20260909_182305_00162.png,masks/us_imu_20260909_182305_00162.png,0,16.2
us_imu_20260909_182305,212,images/us_imu_20260909_182305_00212.png,masks/us_imu_20260909_182305_00212.png,0,21.2
us_imu_20260909_182305,303,images/us_imu_20260909_182305_00303.png,masks/us_imu_20260909_182305_00303.png,0,30.3
us_imu_20260909_182305,342,images/us_imu_20260909_182305_00342.png,masks/us_imu_20260909_182305_00342.png,0,34.2
us_imu_20260909_182305,373,images/us_imu_20260909_182305_00373.png,masks/us_imu_20260909_182305_00373.png,0,37.2
us_imu_20260909_182305,443,images/us_imu_20260909_182305_00443.png,masks/us_imu_20260909_182305_00443.png,0,44.3
us_imu_20260909_182305,531,images/us_imu_20260909_182305_00531.png,masks/us_imu_20260909_182305_00531.png,0,53.1
us_imu_20260909_182305,605,images/us_imu_20260909_182305_00605.png,masks/us_imu_20260909_182305_00605.png,0,60.5
us_imu_20260909_182305,652,images/us_imu_20260909_182305_00652.png,masks/us_imu_20260909_182305_00652.png,0,65.2
